path;class
genuine\gen_222.png;1
genuine\gen_435.png;1
genuine\gen_616.png;1
genuine\gen_417.png;1
genuine\gen_1021.png;1
genuine\gen_380.png;1
genuine\gen_629.png;1
genuine\gen_498.png;1
genuine\gen_401.png;1
genuine\gen_827.png;1
genuine\gen_462.png;1
genuine\gen_912.png;1
genuine\gen_1014.png;1
genuine\gen_636.png;1
genuine\gen_422.png;1
genuine\gen_589.png;1
genuine\gen_285.png;1
genuine\gen_240.png;1
genuine\gen_386.png;1
genuine\gen_374.png;1
genuine\gen_372.png;1
genuine\gen_261.png;1
genuine\gen_148.png;1
genuine\gen_711.png;1
genuine\gen_603.png;1
genuine\gen_999.png;1
genuine\gen_85.png;1
genuine\gen_149.png;1
genuine\gen_808.png;1
genuine\gen_606.png;1
genuine\gen_947.png;1
genuine\gen_888.png;1
genuine\gen_287.png;1
genuine\gen_783.png;1
genuine\gen_458.png;1
genuine\gen_849.png;1
genuine\gen_253.png;1
genuine\gen_1100.png;1
genuine\gen_353.png;1
genuine\gen_872.png;1
genuine\gen_1101.png;1
genuine\gen_1133.png;1
genuine\gen_750.png;1
genuine\gen_1041.png;1
genuine\gen_762.png;1
genuine\gen_791.png;1
genuine\gen_138.png;1
genuine\gen_186.png;1
genuine\gen_1123.png;1
genuine\gen_732.png;1
genuine\gen_867.png;1
genuine\gen_334.png;1
genuine\gen_903.png;1
genuine\gen_796.png;1
genuine\gen_595.png;1
genuine\gen_1094.png;1
genuine\gen_397.png;1
genuine\gen_646.png;1
genuine\gen_394.png;1
genuine\gen_896.png;1
genuine\gen_249.png;1
genuine\gen_857.png;1
genuine\gen_799.png;1
genuine\gen_4.png;1
genuine\gen_54.png;1
genuine\gen_227.png;1
genuine\gen_824.png;1
genuine\gen_5.png;1
genuine\gen_408.png;1
genuine\gen_331.png;1
genuine\gen_1065.png;1
genuine\gen_575.png;1
genuine\gen_1029.png;1
genuine\gen_485.png;1
genuine\gen_864.png;1
genuine\gen_1026.png;1
genuine\gen_369.png;1
genuine\gen_656.png;1
genuine\gen_1025.png;1
genuine\gen_996.png;1
genuine\gen_203.png;1
genuine\gen_770.png;1
genuine\gen_713.png;1
genuine\gen_216.png;1
genuine\gen_110.png;1
genuine\gen_1124.png;1
genuine\gen_763.png;1
genuine\gen_910.png;1
genuine\gen_953.png;1
genuine\gen_807.png;1
genuine\gen_613.png;1
genuine\gen_228.png;1
genuine\gen_554.png;1
genuine\gen_315.png;1
genuine\gen_437.png;1
genuine\gen_1018.png;1
genuine\gen_206.png;1
genuine\gen_774.png;1
genuine\gen_747.png;1
genuine\gen_126.png;1
genuine\gen_332.png;1
genuine\gen_971.png;1
genuine\gen_647.png;1
genuine\gen_1002.png;1
genuine\gen_544.png;1
genuine\gen_920.png;1
genuine\gen_1011.png;1
genuine\gen_263.png;1
genuine\gen_3.png;1
genuine\gen_993.png;1
genuine\gen_456.png;1
genuine\gen_984.png;1
genuine\gen_105.png;1
genuine\gen_242.png;1
genuine\gen_552.png;1
genuine\gen_6.png;1
genuine\gen_103.png;1
genuine\gen_193.png;1
genuine\gen_468.png;1
genuine\gen_561.png;1
genuine\gen_527.png;1
genuine\gen_988.png;1
genuine\gen_478.png;1
genuine\gen_832.png;1
genuine\gen_1109.png;1
genuine\gen_877.png;1
genuine\gen_147.png;1
genuine\gen_357.png;1
genuine\gen_584.png;1
genuine\gen_426.png;1
genuine\gen_624.png;1
genuine\gen_46.png;1
genuine\gen_1105.png;1
genuine\gen_267.png;1
genuine\gen_1119.png;1
genuine\gen_35.png;1
genuine\gen_1000.png;1
genuine\gen_706.png;1
genuine\gen_659.png;1
genuine\gen_1049.png;1
genuine\gen_474.png;1
genuine\gen_2.png;1
genuine\gen_104.png;1
genuine\gen_935.png;1
genuine\gen_1152.png;1
genuine\gen_461.png;1
genuine\gen_134.png;1
genuine\gen_151.png;1
genuine\gen_960.png;1
genuine\gen_63.png;1
genuine\gen_493.png;1
genuine\gen_1068.png;1
genuine\gen_556.png;1
genuine\gen_264.png;1
genuine\gen_98.png;1
genuine\gen_512.png;1
genuine\gen_782.png;1
genuine\gen_70.png;1
genuine\gen_106.png;1
genuine\gen_36.png;1
genuine\gen_348.png;1
genuine\gen_199.png;1
genuine\gen_697.png;1
genuine\gen_600.png;1
genuine\gen_137.png;1
genuine\gen_822.png;1
genuine\gen_1024.png;1
genuine\gen_429.png;1
genuine\gen_218.png;1
genuine\gen_1090.png;1
genuine\gen_420.png;1
genuine\gen_179.png;1
genuine\gen_962.png;1
genuine\gen_1099.png;1
genuine\gen_37.png;1
genuine\gen_246.png;1
genuine\gen_163.png;1
genuine\gen_579.png;1
genuine\gen_576.png;1
genuine\gen_304.png;1
genuine\gen_1038.png;1
genuine\gen_424.png;1
genuine\gen_803.png;1
genuine\gen_144.png;1
genuine\gen_925.png;1
genuine\gen_209.png;1
genuine\gen_1084.png;1
genuine\gen_981.png;1
genuine\gen_1080.png;1
genuine\gen_78.png;1
genuine\gen_73.png;1
genuine\gen_1032.png;1
genuine\gen_470.png;1
genuine\gen_433.png;1
genuine\gen_33.png;1
genuine\gen_363.png;1
genuine\gen_403.png;1
genuine\gen_1085.png;1
genuine\gen_670.png;1
genuine\gen_342.png;1
genuine\gen_273.png;1
genuine\gen_319.png;1
genuine\gen_740.png;1
genuine\gen_1031.png;1
genuine\gen_293.png;1
genuine\gen_843.png;1
genuine\gen_327.png;1
genuine\gen_316.png;1
genuine\gen_923.png;1
genuine\gen_76.png;1
genuine\gen_330.png;1
genuine\gen_583.png;1
genuine\gen_538.png;1
genuine\gen_276.png;1
genuine\gen_82.png;1
genuine\gen_651.png;1
genuine\gen_869.png;1
genuine\gen_1063.png;1
genuine\gen_400.png;1
genuine\gen_648.png;1
genuine\gen_891.png;1
genuine\gen_467.png;1
genuine\gen_666.png;1
genuine\gen_460.png;1
genuine\gen_598.png;1
genuine\gen_535.png;1
genuine\gen_1129.png;1
genuine\gen_904.png;1
genuine\gen_655.png;1
genuine\gen_634.png;1
genuine\gen_310.png;1
genuine\gen_692.png;1
genuine\gen_661.png;1
genuine\gen_196.png;1
genuine\gen_248.png;1
genuine\gen_797.png;1
genuine\gen_157.png;1
genuine\gen_944.png;1
genuine\gen_1108.png;1
genuine\gen_463.png;1
genuine\gen_602.png;1
genuine\gen_543.png;1
genuine\gen_855.png;1
genuine\gen_844.png;1
genuine\gen_559.png;1
genuine\gen_1104.png;1
genuine\gen_487.png;1
genuine\gen_359.png;1
genuine\gen_119.png;1
genuine\gen_350.png;1
genuine\gen_609.png;1
genuine\gen_1056.png;1
genuine\gen_865.png;1
genuine\gen_402.png;1
genuine\gen_1097.png;1
genuine\gen_811.png;1
genuine\gen_379.png;1
genuine\gen_27.png;1
genuine\gen_152.png;1
genuine\gen_1102.png;1
genuine\gen_1035.png;1
genuine\gen_574.png;1
genuine\gen_367.png;1
genuine\gen_488.png;1
genuine\gen_360.png;1
genuine\gen_71.png;1
genuine\gen_146.png;1
genuine\gen_618.png;1
genuine\gen_309.png;1
genuine\gen_985.png;1
genuine\gen_188.png;1
genuine\gen_52.png;1
genuine\gen_368.png;1
genuine\gen_735.png;1
genuine\gen_943.png;1
genuine\gen_664.png;1
genuine\gen_532.png;1
genuine\gen_937.png;1
genuine\gen_992.png;1
genuine\gen_938.png;1
genuine\gen_881.png;1
genuine\gen_321.png;1
genuine\gen_898.png;1
genuine\gen_238.png;1
genuine\gen_275.png;1
genuine\gen_391.png;1
genuine\gen_224.png;1
genuine\gen_432.png;1
genuine\gen_771.png;1
genuine\gen_58.png;1
genuine\gen_173.png;1
genuine\gen_1118.png;1
genuine\gen_736.png;1
genuine\gen_373.png;1
genuine\gen_291.png;1
genuine\gen_739.png;1
genuine\gen_567.png;1
genuine\gen_789.png;1
genuine\gen_121.png;1
genuine\gen_652.png;1
genuine\gen_14.png;1
genuine\gen_16.png;1
genuine\gen_541.png;1
genuine\gen_581.png;1
genuine\gen_838.png;1
genuine\gen_1150.png;1
genuine\gen_262.png;1
genuine\gen_607.png;1
genuine\gen_453.png;1
genuine\gen_1020.png;1
genuine\gen_1047.png;1
genuine\gen_396.png;1
genuine\gen_252.png;1
genuine\gen_279.png;1
genuine\gen_1078.png;1
genuine\gen_243.png;1
genuine\gen_91.png;1
genuine\gen_685.png;1
genuine\gen_1001.png;1
genuine\gen_1055.png;1
genuine\gen_922.png;1
genuine\gen_959.png;1
genuine\gen_475.png;1
genuine\gen_1138.png;1
genuine\gen_1042.png;1
genuine\gen_441.png;1
genuine\gen_733.png;1
genuine\gen_65.png;1
genuine\gen_1143.png;1
genuine\gen_816.png;1
genuine\gen_471.png;1
genuine\gen_219.png;1
genuine\gen_587.png;1
genuine\gen_127.png;1
genuine\gen_961.png;1
genuine\gen_638.png;1
genuine\gen_208.png;1
genuine\gen_653.png;1
genuine\gen_329.png;1
genuine\gen_890.png;1
genuine\gen_150.png;1
genuine\gen_818.png;1
genuine\gen_300.png;1
genuine\gen_1005.png;1
genuine\gen_502.png;1
genuine\gen_1147.png;1
genuine\gen_731.png;1
genuine\gen_235.png;1
genuine\gen_72.png;1
genuine\gen_978.png;1
genuine\gen_123.png;1
genuine\gen_780.png;1
genuine\gen_813.png;1
genuine\gen_1036.png;1
genuine\gen_325.png;1
genuine\gen_108.png;1
genuine\gen_333.png;1
genuine\gen_643.png;1
genuine\gen_1023.png;1
genuine\gen_170.png;1
genuine\gen_907.png;1
genuine\gen_1003.png;1
genuine\gen_965.png;1
genuine\gen_534.png;1
genuine\gen_1058.png;1
genuine\gen_1019.png;1
genuine\gen_539.png;1
genuine\gen_856.png;1
genuine\gen_715.png;1
genuine\gen_1051.png;1
genuine\gen_388.png;1
genuine\gen_716.png;1
genuine\gen_31.png;1
genuine\gen_177.png;1
genuine\gen_131.png;1
genuine\gen_260.png;1
genuine\gen_492.png;1
genuine\gen_569.png;1
genuine\gen_118.png;1
genuine\gen_1043.png;1
genuine\gen_580.png;1
genuine\gen_633.png;1
genuine\gen_200.png;1
genuine\gen_1136.png;1
genuine\gen_419.png;1
genuine\gen_995.png;1
genuine\gen_153.png;1
genuine\gen_975.png;1
genuine\gen_930.png;1
genuine\gen_428.png;1
genuine\gen_899.png;1
genuine\gen_870.png;1
genuine\gen_418.png;1
genuine\gen_451.png;1
genuine\gen_1028.png;1
genuine\gen_302.png;1
genuine\gen_555.png;1
genuine\gen_1093.png;1
genuine\gen_469.png;1
genuine\gen_447.png;1
genuine\gen_410.png;1
genuine\gen_1071.png;1
genuine\gen_635.png;1
genuine\gen_645.png;1
genuine\gen_1087.png;1
genuine\gen_1095.png;1
genuine\gen_298.png;1
genuine\gen_859.png;1
genuine\gen_297.png;1
genuine\gen_174.png;1
genuine\gen_504.png;1
genuine\gen_966.png;1
genuine\gen_729.png;1
genuine\gen_352.png;1
genuine\gen_116.png;1
genuine\gen_427.png;1
genuine\gen_858.png;1
genuine\gen_628.png;1
genuine\gen_124.png;1
genuine\gen_68.png;1
genuine\gen_378.png;1
genuine\gen_472.png;1
genuine\gen_93.png;1
genuine\gen_1052.png;1
genuine\gen_806.png;1
genuine\gen_376.png;1
genuine\gen_185.png;1
genuine\gen_1015.png;1
genuine\gen_767.png;1
genuine\gen_673.png;1
genuine\gen_101.png;1
genuine\gen_192.png;1
genuine\gen_1113.png;1
genuine\gen_92.png;1
genuine\gen_821.png;1
genuine\gen_1127.png;1
genuine\gen_509.png;1
genuine\gen_1061.png;1
genuine\gen_1122.png;1
genuine\gen_790.png;1
genuine\gen_250.png;1
genuine\gen_560.png;1
genuine\gen_585.png;1
genuine\gen_921.png;1
genuine\gen_115.png;1
genuine\gen_1.png;1
genuine\gen_765.png;1
genuine\gen_1115.png;1
genuine\gen_604.png;1
genuine\gen_1086.png;1
genuine\gen_779.png;1
genuine\gen_742.png;1
genuine\gen_466.png;1
genuine\gen_141.png;1
genuine\gen_565.png;1
genuine\gen_259.png;1
genuine\gen_191.png;1
genuine\gen_815.png;1
genuine\gen_389.png;1
genuine\gen_546.png;1
genuine\gen_814.png;1
genuine\gen_341.png;1
genuine\gen_972.png;1
genuine\gen_1077.png;1
genuine\gen_61.png;1
genuine\gen_160.png;1
genuine\gen_202.png;1
genuine\gen_346.png;1
genuine\gen_213.png;1
genuine\gen_370.png;1
genuine\gen_345.png;1
genuine\gen_1012.png;1
genuine\gen_675.png;1
genuine\gen_619.png;1
genuine\gen_836.png;1
genuine\gen_64.png;1
genuine\gen_464.png;1
genuine\gen_215.png;1
genuine\gen_957.png;1
genuine\gen_449.png;1
genuine\gen_178.png;1
genuine\gen_95.png;1
genuine\gen_324.png;1
genuine\gen_841.png;1
genuine\gen_895.png;1
genuine\gen_835.png;1
genuine\gen_874.png;1
genuine\gen_754.png;1
genuine\gen_945.png;1
genuine\gen_269.png;1
genuine\gen_481.png;1
genuine\gen_671.png;1
genuine\gen_801.png;1
genuine\gen_974.png;1
genuine\gen_480.png;1
genuine\gen_805.png;1
genuine\gen_385.png;1
genuine\gen_776.png;1
genuine\gen_172.png;1
genuine\gen_998.png;1
genuine\gen_812.png;1
genuine\gen_404.png;1
genuine\gen_942.png;1
genuine\gen_862.png;1
genuine\gen_431.png;1
genuine\gen_764.png;1
genuine\gen_549.png;1
genuine\gen_1034.png;1
genuine\gen_465.png;1
genuine\gen_1130.png;1
genuine\gen_909.png;1
genuine\gen_194.png;1
genuine\gen_303.png;1
genuine\gen_405.png;1
genuine\gen_232.png;1
genuine\gen_728.png;1
genuine\gen_727.png;1
genuine\gen_680.png;1
genuine\gen_1121.png;1
genuine\gen_32.png;1
genuine\gen_306.png;1
genuine\gen_644.png;1
genuine\gen_294.png;1
genuine\gen_518.png;1
genuine\gen_125.png;1
genuine\gen_414.png;1
genuine\gen_1008.png;1
genuine\gen_1046.png;1
genuine\gen_326.png;1
genuine\gen_184.png;1
genuine\gen_900.png;1
genuine\gen_49.png;1
genuine\gen_399.png;1
genuine\gen_473.png;1
genuine\gen_524.png;1
genuine\gen_9.png;1
genuine\gen_258.png;1
genuine\gen_158.png;1
genuine\gen_936.png;1
genuine\gen_563.png;1
genuine\gen_1044.png;1
genuine\gen_885.png;1
genuine\gen_908.png;1
genuine\gen_175.png;1
genuine\gen_284.png;1
genuine\gen_86.png;1
genuine\gen_784.png;1
genuine\gen_47.png;1
genuine\gen_452.png;1
genuine\gen_781.png;1
genuine\gen_23.png;1
genuine\gen_278.png;1
genuine\gen_934.png;1
genuine\gen_795.png;1
genuine\gen_951.png;1
genuine\gen_804.png;1
genuine\gen_212.png;1
genuine\gen_132.png;1
genuine\gen_1083.png;1
genuine\gen_223.png;1
genuine\gen_164.png;1
genuine\gen_926.png;1
genuine\gen_81.png;1
genuine\gen_537.png;1
genuine\gen_676.png;1
genuine\gen_29.png;1
genuine\gen_893.png;1
genuine\gen_853.png;1
genuine\gen_631.png;1
genuine\gen_517.png;1
genuine\gen_906.png;1
genuine\gen_167.png;1
genuine\gen_681.png;1
genuine\gen_1088.png;1
genuine\gen_500.png;1
genuine\gen_627.png;1
genuine\gen_413.png;1
genuine\gen_308.png;1
genuine\gen_820.png;1
genuine\gen_695.png;1
genuine\gen_614.png;1
genuine\gen_679.png;1
genuine\gen_117.png;1
genuine\gen_133.png;1
genuine\gen_834.png;1
genuine\gen_792.png;1
genuine\gen_714.png;1
genuine\gen_220.png;1
genuine\gen_384.png;1
genuine\gen_650.png;1
genuine\gen_693.png;1
genuine\gen_506.png;1
genuine\gen_187.png;1
genuine\gen_90.png;1
genuine\gen_508.png;1
genuine\gen_831.png;1
genuine\gen_1125.png;1
genuine\gen_112.png;1
genuine\gen_1148.png;1
genuine\gen_266.png;1
genuine\gen_7.png;1
genuine\gen_305.png;1
genuine\gen_84.png;1
genuine\gen_956.png;1
genuine\gen_236.png;1
genuine\gen_1140.png;1
genuine\gen_542.png;1
genuine\gen_225.png;1
genuine\gen_707.png;1
genuine\gen_875.png;1
genuine\gen_99.png;1
genuine\gen_1103.png;1
genuine\gen_1128.png;1
genuine\gen_696.png;1
genuine\gen_897.png;1
genuine\gen_608.png;1
genuine\gen_234.png;1
genuine\gen_848.png;1
genuine\gen_931.png;1
genuine\gen_712.png;1
genuine\gen_34.png;1
genuine\gen_21.png;1
genuine\gen_687.png;1
genuine\gen_507.png;1
genuine\gen_411.png;1
genuine\gen_296.png;1
genuine\gen_741.png;1
genuine\gen_597.png;1
genuine\gen_290.png;1
genuine\gen_933.png;1
genuine\gen_436.png;1
genuine\gen_847.png;1
genuine\gen_1117.png;1
genuine\gen_77.png;1
genuine\gen_1006.png;1
genuine\gen_663.png;1
genuine\gen_654.png;1
genuine\gen_328.png;1
genuine\gen_307.png;1
genuine\gen_738.png;1
genuine\gen_338.png;1
genuine\gen_916.png;1
genuine\gen_455.png;1
genuine\gen_704.png;1
genuine\gen_529.png;1
genuine\gen_760.png;1
genuine\gen_642.png;1
genuine\gen_26.png;1
genuine\gen_80.png;1
genuine\gen_905.png;1
genuine\gen_755.png;1
genuine\gen_699.png;1
genuine\gen_195.png;1
genuine\gen_516.png;1
genuine\gen_145.png;1
genuine\gen_12.png;1
genuine\gen_409.png;1
genuine\gen_626.png;1
genuine\gen_94.png;1
genuine\gen_521.png;1
genuine\gen_854.png;1
genuine\gen_887.png;1
genuine\gen_162.png;1
genuine\gen_737.png;1
genuine\gen_255.png;1
genuine\gen_677.png;1
genuine\gen_932.png;1
genuine\gen_1004.png;1
genuine\gen_1079.png;1
genuine\gen_919.png;1
genuine\gen_526.png;1
genuine\gen_59.png;1
genuine\gen_457.png;1
genuine\gen_1039.png;1
genuine\gen_833.png;1
genuine\gen_620.png;1
genuine\gen_8.png;1
genuine\gen_686.png;1
genuine\gen_286.png;1
genuine\gen_640.png;1
genuine\gen_963.png;1
genuine\gen_237.png;1
genuine\gen_547.png;1
genuine\gen_1145.png;1
genuine\gen_30.png;1
genuine\gen_599.png;1
genuine\gen_641.png;1
genuine\gen_880.png;1
genuine\gen_568.png;1
genuine\gen_69.png;1
genuine\gen_557.png;1
genuine\gen_617.png;1
genuine\gen_282.png;1
genuine\gen_24.png;1
genuine\gen_952.png;1
genuine\gen_17.png;1
genuine\gen_280.png;1
genuine\gen_1062.png;1
genuine\gen_863.png;1
genuine\gen_734.png;1
genuine\gen_176.png;1
genuine\gen_545.png;1
genuine\gen_948.png;1
genuine\gen_605.png;1
genuine\gen_523.png;1
genuine\gen_366.png;1
genuine\gen_10.png;1
genuine\gen_593.png;1
genuine\gen_337.png;1
genuine\gen_1149.png;1
genuine\gen_829.png;1
genuine\gen_570.png;1
genuine\gen_630.png;1
genuine\gen_1048.png;1
genuine\gen_722.png;1
genuine\gen_274.png;1
genuine\gen_578.png;1
genuine\gen_336.png;1
genuine\gen_927.png;1
genuine\gen_256.png;1
genuine\gen_520.png;1
genuine\gen_496.png;1
genuine\gen_347.png;1
genuine\gen_281.png;1
genuine\gen_139.png;1
genuine\gen_997.png;1
genuine\gen_901.png;1
genuine\gen_444.png;1
genuine\gen_753.png;1
genuine\gen_344.png;1
genuine\gen_528.png;1
genuine\gen_55.png;1
genuine\gen_709.png;1
genuine\gen_322.png;1
genuine\gen_450.png;1
genuine\gen_730.png;1
genuine\gen_171.png;1
genuine\gen_198.png;1
genuine\gen_83.png;1
genuine\gen_48.png;1
genuine\gen_662.png;1
genuine\gen_639.png;1
genuine\gen_672.png;1
genuine\gen_749.png;1
genuine\gen_362.png;1
genuine\gen_866.png;1
genuine\gen_540.png;1
genuine\gen_66.png;1
genuine\gen_1009.png;1
genuine\gen_510.png;1
genuine\gen_573.png;1
genuine\gen_769.png;1
genuine\gen_159.png;1
genuine\gen_1075.png;1
genuine\gen_15.png;1
genuine\gen_393.png;1
genuine\gen_1092.png;1
genuine\gen_210.png;1
genuine\gen_25.png;1
genuine\gen_756.png;1
genuine\gen_817.png;1
genuine\gen_1135.png;1
genuine\gen_96.png;1
genuine\gen_1066.png;1
genuine\gen_577.png;1
genuine\gen_878.png;1
genuine\gen_592.png;1
genuine\gen_289.png;1
genuine\gen_669.png;1
genuine\gen_1010.png;1
genuine\gen_107.png;1
genuine\gen_207.png;1
genuine\gen_1146.png;1
genuine\gen_491.png;1
genuine\gen_494.png;1
genuine\gen_314.png;1
genuine\gen_683.png;1
genuine\gen_272.png;1
genuine\gen_1110.png;1
genuine\gen_871.png;1
genuine\gen_254.png;1
genuine\gen_42.png;1
genuine\gen_928.png;1
genuine\gen_20.png;1
genuine\gen_113.png;1
genuine\gen_519.png;1
genuine\gen_392.png;1
genuine\gen_57.png;1
genuine\gen_268.png;1
genuine\gen_489.png;1
genuine\gen_1060.png;1
genuine\gen_802.png;1
genuine\gen_761.png;1
genuine\gen_840.png;1
genuine\gen_698.png;1
genuine\gen_688.png;1
genuine\gen_448.png;1
genuine\gen_894.png;1
genuine\gen_703.png;1
genuine\gen_1033.png;1
genuine\gen_586.png;1
genuine\gen_667.png;1
genuine\gen_354.png;1
genuine\gen_884.png;1
genuine\gen_1074.png;1
genuine\gen_622.png;1
genuine\gen_205.png;1
genuine\gen_486.png;1
genuine\gen_649.png;1
genuine\gen_1132.png;1
genuine\gen_701.png;1
genuine\gen_1111.png;1
genuine\gen_111.png;1
genuine\gen_295.png;1
genuine\gen_582.png;1
genuine\gen_22.png;1
genuine\gen_495.png;1
genuine\gen_211.png;1
genuine\gen_317.png;1
genuine\gen_1069.png;1
genuine\gen_75.png;1
genuine\gen_1116.png;1
genuine\gen_356.png;1
genuine\gen_658.png;1
genuine\gen_217.png;1
genuine\gen_51.png;1
genuine\gen_967.png;1
genuine\gen_1050.png;1
genuine\gen_744.png;1
genuine\gen_499.png;1
genuine\gen_562.png;1
genuine\gen_983.png;1
genuine\gen_525.png;1
genuine\gen_265.png;1
genuine\gen_247.png;1
genuine\gen_114.png;1
genuine\gen_416.png;1
genuine\gen_929.png;1
genuine\gen_446.png;1
genuine\gen_980.png;1
genuine\gen_969.png;1
genuine\gen_387.png;1
genuine\gen_505.png;1
genuine\gen_819.png;1
genuine\gen_439.png;1
genuine\gen_270.png;1
genuine\gen_1153.png;1
genuine\gen_987.png;1
genuine\gen_11.png;1
genuine\gen_775.png;1
genuine\gen_129.png;1
genuine\gen_311.png;1
genuine\gen_1107.png;1
genuine\gen_365.png;1
genuine\gen_283.png;1
genuine\gen_415.png;1
genuine\gen_425.png;1
genuine\gen_590.png;1
genuine\gen_214.png;1
genuine\gen_226.png;1
genuine\gen_343.png;1
genuine\gen_1142.png;1
genuine\gen_939.png;1
genuine\gen_726.png;1
genuine\gen_553.png;1
genuine\gen_19.png;1
genuine\gen_530.png;1
genuine\gen_395.png;1
genuine\gen_725.png;1
genuine\gen_533.png;1
genuine\gen_1064.png;1
genuine\gen_56.png;1
genuine\gen_564.png;1
genuine\gen_786.png;1
genuine\gen_958.png;1
genuine\gen_375.png;1
genuine\gen_197.png;1
genuine\gen_430.png;1
genuine\gen_165.png;1
genuine\gen_911.png;1
genuine\gen_625.png;1
genuine\gen_892.png;1
genuine\gen_724.png;1
genuine\gen_879.png;1
genuine\gen_825.png;1
genuine\gen_1131.png;1
genuine\gen_810.png;1
genuine\gen_1040.png;1
genuine\gen_120.png;1
genuine\gen_846.png;1
genuine\gen_752.png;1
genuine\gen_986.png;1
genuine\gen_1013.png;1
genuine\gen_44.png;1
genuine\gen_977.png;1
genuine\gen_1073.png;1
genuine\gen_1112.png;1
genuine\gen_377.png;1
genuine\gen_89.png;1
genuine\gen_766.png;1
genuine\gen_335.png;1
genuine\gen_668.png;1
genuine\gen_60.png;1
genuine\gen_398.png;1
genuine\gen_913.png;1
genuine\gen_513.png;1
genuine\gen_484.png;1
genuine\gen_689.png;1
genuine\gen_1141.png;1
genuine\gen_358.png;1
genuine\gen_1081.png;1
genuine\gen_970.png;1
genuine\gen_828.png;1
genuine\gen_787.png;1
genuine\gen_720.png;1
genuine\gen_591.png;1
genuine\gen_809.png;1
genuine\gen_1126.png;1
genuine\gen_594.png;1
genuine\gen_979.png;1
genuine\gen_830.png;1
genuine\gen_355.png;1
genuine\gen_710.png;1
genuine\gen_299.png;1
genuine\gen_1045.png;1
genuine\gen_1089.png;1
genuine\gen_536.png;1
genuine\gen_482.png;1
genuine\gen_128.png;1
genuine\gen_566.png;1
genuine\gen_837.png;1
genuine\gen_251.png;1
genuine\gen_990.png;1
genuine\gen_800.png;1
genuine\gen_102.png;1
genuine\gen_723.png;1
genuine\gen_902.png;1
genuine\gen_100.png;1
genuine\gen_851.png;1
genuine\gen_156.png;1
genuine\gen_40.png;1
genuine\gen_0.png;1
genuine\gen_421.png;1
genuine\gen_13.png;1
genuine\gen_572.png;1
genuine\gen_868.png;1
genuine\gen_231.png;1
genuine\gen_312.png;1
genuine\gen_615.png;1
genuine\gen_994.png;1
genuine\gen_1114.png;1
genuine\gen_1022.png;1
genuine\gen_233.png;1
genuine\gen_924.png;1
genuine\gen_221.png;1
genuine\gen_705.png;1
genuine\gen_745.png;1
genuine\gen_917.png;1
genuine\gen_381.png;1
genuine\gen_794.png;1
genuine\gen_514.png;1
genuine\gen_748.png;1
genuine\gen_632.png;1
genuine\gen_169.png;1
genuine\gen_323.png;1
genuine\gen_876.png;1
genuine\gen_292.png;1
genuine\gen_183.png;1
genuine\gen_53.png;1
genuine\gen_39.png;1
genuine\gen_758.png;1
genuine\gen_550.png;1
genuine\gen_721.png;1
genuine\gen_371.png;1
genuine\gen_406.png;1
genuine\gen_955.png;1
genuine\gen_190.png;1
genuine\gen_682.png;1
genuine\gen_860.png;1
genuine\gen_1144.png;1
genuine\gen_97.png;1
genuine\gen_785.png;1
genuine\gen_1067.png;1
genuine\gen_440.png;1
genuine\gen_691.png;1
genuine\gen_204.png;1
genuine\gen_719.png;1
genuine\gen_140.png;1
genuine\gen_778.png;1
genuine\gen_339.png;1
genuine\gen_759.png;1
genuine\gen_161.png;1
genuine\gen_434.png;1
genuine\gen_443.png;1
genuine\gen_511.png;1
genuine\gen_751.png;1
genuine\gen_180.png;1
genuine\gen_515.png;1
genuine\gen_497.png;1
genuine\gen_845.png;1
posed\sadness_84.png;0
posed\surprise_48.png;0
posed\anger_136.png;0
posed\neutrality_239.png;0
posed\sadness_6.png;0
posed\contempt_172.png;0
posed\disgust_18.png;0
posed\surprise_51.png;0
posed\surprise_154.png;0
posed\disgust_35.png;0
posed\fear_148.png;0
posed\surprise_193.png;0
posed\sadness_13.png;0
posed\surprise_35.png;0
posed\anger_67.png;0
posed\contempt_133.png;0
posed\fear_187.png;0
posed\contempt_73.png;0
posed\anger_102.png;0
posed\sadness_181.png;0
posed\happiness_188.png;0
posed\happiness_90.png;0
posed\sadness_64.png;0
posed\sadness_143.png;0
posed\sadness_28.png;0
posed\contempt_128.png;0
posed\sadness_236.png;0
posed\fear_185.png;0
posed\fear_191.png;0
posed\happiness_26.png;0
posed\contempt_32.png;0
posed\fear_233.png;0
posed\neutrality_143.png;0
posed\fear_2.png;0
posed\disgust_81.png;0
posed\disgust_160.png;0
posed\anger_89.png;0
posed\fear_203.png;0
posed\disgust_188.png;0
posed\neutrality_195.png;0
posed\disgust_21.png;0
posed\surprise_207.png;0
posed\sadness_113.png;0
posed\disgust_87.png;0
posed\surprise_103.png;0
posed\surprise_53.png;0
posed\surprise_231.png;0
posed\contempt_53.png;0
posed\neutrality_114.png;0
posed\contempt_44.png;0
posed\sadness_89.png;0
posed\sadness_149.png;0
posed\surprise_171.png;0
posed\happiness_38.png;0
posed\disgust_162.png;0
posed\contempt_84.png;0
posed\sadness_75.png;0
posed\contempt_0.png;0
posed\fear_45.png;0
posed\neutrality_109.png;0
posed\disgust_161.png;0
posed\sadness_176.png;0
posed\disgust_112.png;0
posed\happiness_70.png;0
posed\surprise_177.png;0
posed\contempt_121.png;0
posed\surprise_187.png;0
posed\surprise_76.png;0
posed\happiness_243.png;0
posed\disgust_38.png;0
posed\happiness_172.png;0
posed\anger_9.png;0
posed\fear_155.png;0
posed\contempt_183.png;0
posed\fear_41.png;0
posed\sadness_247.png;0
posed\disgust_140.png;0
posed\sadness_170.png;0
posed\surprise_200.png;0
posed\surprise_221.png;0
posed\sadness_187.png;0
posed\sadness_71.png;0
posed\disgust_231.png;0
posed\disgust_145.png;0
posed\neutrality_76.png;0
posed\neutrality_49.png;0
posed\contempt_162.png;0
posed\happiness_66.png;0
posed\neutrality_152.png;0
posed\neutrality_99.png;0
posed\fear_68.png;0
posed\surprise_169.png;0
posed\anger_174.png;0
posed\happiness_1.png;0
posed\anger_16.png;0
posed\contempt_31.png;0
posed\disgust_82.png;0
posed\fear_131.png;0
posed\disgust_97.png;0
posed\disgust_95.png;0
posed\happiness_182.png;0
posed\neutrality_13.png;0
posed\happiness_103.png;0
posed\sadness_144.png;0
posed\surprise_122.png;0
posed\anger_114.png;0
posed\contempt_72.png;0
posed\neutrality_246.png;0
posed\anger_112.png;0
posed\anger_15.png;0
posed\anger_249.png;0
posed\surprise_73.png;0
posed\neutrality_237.png;0
posed\disgust_195.png;0
posed\disgust_72.png;0
posed\fear_88.png;0
posed\anger_124.png;0
posed\sadness_0.png;0
posed\surprise_16.png;0
posed\neutrality_91.png;0
posed\sadness_5.png;0
posed\surprise_147.png;0
posed\disgust_68.png;0
posed\contempt_78.png;0
posed\fear_103.png;0
posed\disgust_165.png;0
posed\sadness_233.png;0
posed\disgust_103.png;0
posed\fear_49.png;0
posed\sadness_204.png;0
posed\happiness_224.png;0
posed\surprise_196.png;0
posed\neutrality_202.png;0
posed\disgust_217.png;0
posed\neutrality_72.png;0
posed\disgust_177.png;0
posed\anger_196.png;0
posed\happiness_187.png;0
posed\disgust_50.png;0
posed\fear_172.png;0
posed\fear_223.png;0
posed\contempt_109.png;0
posed\happiness_145.png;0
posed\contempt_46.png;0
posed\surprise_114.png;0
posed\contempt_22.png;0
posed\neutrality_236.png;0
posed\neutrality_240.png;0
posed\contempt_116.png;0
posed\surprise_89.png;0
posed\fear_123.png;0
posed\sadness_195.png;0
posed\anger_49.png;0
posed\contempt_103.png;0
posed\disgust_249.png;0
posed\anger_181.png;0
posed\surprise_246.png;0
posed\disgust_243.png;0
posed\fear_241.png;0
posed\sadness_226.png;0
posed\disgust_241.png;0
posed\neutrality_38.png;0
posed\anger_53.png;0
posed\sadness_240.png;0
posed\sadness_148.png;0
posed\anger_162.png;0
posed\sadness_133.png;0
posed\sadness_33.png;0
posed\sadness_24.png;0
posed\fear_134.png;0
posed\anger_122.png;0
posed\neutrality_75.png;0
posed\anger_177.png;0
posed\sadness_227.png;0
posed\contempt_21.png;0
posed\happiness_116.png;0
posed\anger_247.png;0
posed\surprise_224.png;0
posed\contempt_6.png;0
posed\anger_104.png;0
posed\surprise_77.png;0
posed\neutrality_52.png;0
posed\fear_163.png;0
posed\happiness_123.png;0
posed\contempt_74.png;0
posed\neutrality_61.png;0
posed\disgust_205.png;0
posed\anger_147.png;0
posed\fear_105.png;0
posed\contempt_54.png;0
posed\contempt_137.png;0
posed\anger_39.png;0
posed\fear_23.png;0
posed\anger_224.png;0
posed\sadness_208.png;0
posed\surprise_10.png;0
posed\contempt_9.png;0
posed\neutrality_142.png;0
posed\anger_115.png;0
posed\neutrality_217.png;0
posed\disgust_65.png;0
posed\anger_182.png;0
posed\happiness_189.png;0
posed\contempt_66.png;0
posed\disgust_208.png;0
posed\fear_238.png;0
posed\happiness_76.png;0
posed\fear_229.png;0
posed\sadness_114.png;0
posed\happiness_77.png;0
posed\surprise_184.png;0
posed\neutrality_115.png;0
posed\neutrality_130.png;0
posed\disgust_136.png;0
posed\disgust_14.png;0
posed\contempt_38.png;0
posed\fear_216.png;0
posed\disgust_39.png;0
posed\anger_45.png;0
posed\contempt_142.png;0
posed\contempt_120.png;0
posed\neutrality_46.png;0
posed\contempt_201.png;0
posed\fear_168.png;0
posed\anger_209.png;0
posed\neutrality_160.png;0
posed\fear_65.png;0
posed\anger_220.png;0
posed\surprise_239.png;0
posed\neutrality_41.png;0
posed\disgust_75.png;0
posed\surprise_157.png;0
posed\anger_142.png;0
posed\surprise_155.png;0
posed\happiness_13.png;0
posed\disgust_151.png;0
posed\neutrality_35.png;0
posed\contempt_124.png;0
posed\neutrality_11.png;0
posed\anger_25.png;0
posed\neutrality_30.png;0
posed\fear_18.png;0
posed\neutrality_241.png;0
posed\neutrality_149.png;0
posed\happiness_148.png;0
posed\sadness_138.png;0
posed\sadness_234.png;0
posed\surprise_24.png;0
posed\disgust_85.png;0
posed\sadness_95.png;0
posed\disgust_212.png;0
posed\happiness_130.png;0
posed\sadness_111.png;0
posed\happiness_11.png;0
posed\surprise_61.png;0
posed\fear_8.png;0
posed\neutrality_100.png;0
posed\contempt_48.png;0
posed\surprise_69.png;0
posed\disgust_33.png;0
posed\fear_211.png;0
posed\disgust_156.png;0
posed\anger_51.png;0
posed\neutrality_32.png;0
posed\contempt_41.png;0
posed\disgust_23.png;0
posed\surprise_112.png;0
posed\sadness_91.png;0
posed\happiness_163.png;0
posed\disgust_226.png;0
posed\sadness_77.png;0
posed\happiness_242.png;0
posed\surprise_172.png;0
posed\neutrality_4.png;0
posed\contempt_101.png;0
posed\disgust_56.png;0
posed\surprise_198.png;0
posed\happiness_234.png;0
posed\surprise_74.png;0
posed\neutrality_249.png;0
posed\happiness_230.png;0
posed\happiness_56.png;0
posed\happiness_246.png;0
posed\fear_19.png;0
posed\surprise_189.png;0
posed\contempt_184.png;0
posed\happiness_195.png;0
posed\surprise_120.png;0
posed\fear_198.png;0
posed\sadness_163.png;0
posed\happiness_219.png;0
posed\sadness_142.png;0
posed\contempt_62.png;0
posed\anger_169.png;0
posed\sadness_146.png;0
posed\neutrality_33.png;0
posed\fear_190.png;0
posed\happiness_209.png;0
posed\anger_128.png;0
posed\disgust_90.png;0
posed\disgust_74.png;0
posed\fear_242.png;0
posed\sadness_85.png;0
posed\contempt_202.png;0
posed\happiness_196.png;0
posed\surprise_106.png;0
posed\sadness_15.png;0
posed\fear_109.png;0
posed\disgust_173.png;0
posed\sadness_42.png;0
posed\anger_66.png;0
posed\happiness_133.png;0
posed\sadness_35.png;0
posed\happiness_126.png;0
posed\contempt_106.png;0
posed\surprise_18.png;0
posed\sadness_185.png;0
posed\happiness_20.png;0
posed\surprise_141.png;0
posed\happiness_166.png;0
posed\neutrality_5.png;0
posed\fear_6.png;0
posed\neutrality_247.png;0
posed\contempt_57.png;0
posed\anger_134.png;0
posed\neutrality_173.png;0
posed\surprise_209.png;0
posed\anger_83.png;0
posed\surprise_37.png;0
posed\anger_167.png;0
posed\contempt_113.png;0
posed\anger_34.png;0
posed\contempt_30.png;0
posed\disgust_43.png;0
posed\neutrality_59.png;0
posed\neutrality_48.png;0
posed\happiness_199.png;0
posed\contempt_136.png;0
posed\contempt_27.png;0
posed\neutrality_92.png;0
posed\neutrality_12.png;0
posed\happiness_229.png;0
posed\neutrality_206.png;0
posed\surprise_65.png;0
posed\disgust_215.png;0
posed\fear_48.png;0
posed\sadness_214.png;0
posed\disgust_96.png;0
posed\fear_26.png;0
posed\surprise_238.png;0
posed\neutrality_80.png;0
posed\fear_153.png;0
posed\contempt_151.png;0
posed\surprise_41.png;0
posed\disgust_106.png;0
posed\fear_228.png;0
posed\sadness_17.png;0
posed\happiness_244.png;0
posed\sadness_117.png;0
posed\anger_107.png;0
posed\fear_71.png;0
posed\neutrality_148.png;0
posed\disgust_148.png;0
posed\happiness_110.png;0
posed\surprise_115.png;0
posed\contempt_118.png;0
posed\neutrality_79.png;0
posed\sadness_4.png;0
posed\neutrality_9.png;0
posed\happiness_131.png;0
posed\sadness_193.png;0
posed\surprise_59.png;0
posed\disgust_225.png;0
posed\happiness_122.png;0
posed\anger_248.png;0
posed\neutrality_87.png;0
posed\anger_240.png;0
posed\anger_203.png;0
posed\anger_113.png;0
posed\contempt_36.png;0
posed\contempt_165.png;0
posed\happiness_233.png;0
posed\sadness_62.png;0
posed\happiness_48.png;0
posed\contempt_4.png;0
posed\fear_152.png;0
posed\disgust_219.png;0
posed\contempt_76.png;0
posed\disgust_179.png;0
posed\happiness_10.png;0
posed\surprise_179.png;0
posed\contempt_189.png;0
posed\surprise_204.png;0
posed\happiness_147.png;0
posed\neutrality_207.png;0
posed\happiness_206.png;0
posed\surprise_30.png;0
posed\contempt_108.png;0
posed\happiness_248.png;0
posed\neutrality_163.png;0
posed\anger_105.png;0
posed\fear_126.png;0
posed\neutrality_36.png;0
posed\contempt_92.png;0
posed\anger_187.png;0
posed\surprise_86.png;0
posed\happiness_186.png;0
posed\happiness_80.png;0
posed\sadness_68.png;0
posed\contempt_191.png;0
posed\contempt_195.png;0
posed\neutrality_119.png;0
posed\contempt_186.png;0
posed\anger_72.png;0
posed\anger_138.png;0
posed\contempt_11.png;0
posed\sadness_67.png;0
posed\contempt_58.png;0
posed\neutrality_191.png;0
posed\sadness_209.png;0
posed\sadness_217.png;0
posed\contempt_20.png;0
posed\fear_3.png;0
posed\fear_171.png;0
posed\happiness_57.png;0
posed\sadness_160.png;0
posed\fear_237.png;0
posed\happiness_202.png;0
posed\neutrality_144.png;0
posed\contempt_95.png;0
posed\neutrality_43.png;0
posed\disgust_131.png;0
posed\anger_47.png;0
posed\happiness_140.png;0
posed\sadness_153.png;0
posed\happiness_82.png;0
posed\contempt_169.png;0
posed\sadness_58.png;0
posed\surprise_20.png;0
posed\neutrality_218.png;0
posed\happiness_154.png;0
posed\happiness_165.png;0
posed\neutrality_98.png;0
posed\disgust_142.png;0
posed\happiness_19.png;0
posed\surprise_161.png;0
posed\contempt_49.png;0
posed\happiness_30.png;0
posed\fear_154.png;0
posed\fear_73.png;0
posed\surprise_140.png;0
posed\sadness_178.png;0
posed\sadness_231.png;0
posed\disgust_184.png;0
posed\sadness_59.png;0
posed\sadness_203.png;0
posed\surprise_244.png;0
posed\anger_87.png;0
posed\disgust_191.png;0
posed\fear_140.png;0
posed\fear_196.png;0
posed\anger_190.png;0
posed\fear_11.png;0
posed\fear_92.png;0
posed\neutrality_106.png;0
posed\contempt_129.png;0
posed\disgust_154.png;0
posed\disgust_178.png;0
posed\neutrality_135.png;0
posed\disgust_27.png;0
posed\fear_53.png;0
posed\contempt_174.png;0
posed\surprise_58.png;0
posed\surprise_15.png;0
posed\happiness_36.png;0
posed\anger_223.png;0
posed\anger_117.png;0
posed\disgust_117.png;0
posed\sadness_155.png;0
posed\anger_222.png;0
posed\neutrality_18.png;0
posed\anger_205.png;0
posed\neutrality_225.png;0
posed\sadness_184.png;0
posed\happiness_158.png;0
posed\contempt_12.png;0
posed\surprise_181.png;0
posed\surprise_32.png;0
posed\happiness_171.png;0
posed\happiness_92.png;0
posed\neutrality_190.png;0
posed\contempt_197.png;0
posed\disgust_11.png;0
posed\disgust_5.png;0
posed\contempt_155.png;0
posed\neutrality_112.png;0
posed\happiness_120.png;0
posed\contempt_117.png;0
posed\happiness_59.png;0
posed\surprise_27.png;0
posed\surprise_194.png;0
posed\disgust_245.png;0
posed\anger_111.png;0
posed\neutrality_65.png;0
posed\anger_149.png;0
posed\anger_48.png;0
posed\sadness_152.png;0
posed\sadness_50.png;0
posed\contempt_175.png;0
posed\sadness_82.png;0
posed\neutrality_104.png;0
posed\anger_180.png;0
posed\happiness_228.png;0
posed\anger_30.png;0
posed\happiness_139.png;0
posed\contempt_80.png;0
posed\surprise_98.png;0
posed\surprise_132.png;0
posed\fear_174.png;0
posed\surprise_34.png;0
posed\anger_3.png;0
posed\fear_136.png;0
posed\neutrality_175.png;0
posed\sadness_51.png;0
posed\neutrality_170.png;0
posed\surprise_160.png;0
posed\fear_82.png;0
posed\surprise_151.png;0
posed\anger_63.png;0
posed\neutrality_181.png;0
posed\anger_140.png;0
posed\anger_158.png;0
posed\fear_120.png;0
posed\contempt_115.png;0
posed\fear_64.png;0
posed\disgust_44.png;0
posed\anger_73.png;0
posed\anger_125.png;0
posed\sadness_107.png;0
posed\sadness_60.png;0
posed\happiness_222.png;0
posed\fear_60.png;0
posed\surprise_92.png;0
posed\happiness_62.png;0
posed\fear_215.png;0
posed\sadness_246.png;0
posed\neutrality_57.png;0
posed\neutrality_172.png;0
posed\happiness_194.png;0
posed\contempt_180.png;0
posed\disgust_59.png;0
posed\anger_237.png;0
posed\anger_103.png;0
posed\sadness_101.png;0
posed\disgust_155.png;0
posed\surprise_91.png;0
posed\disgust_172.png;0
posed\fear_39.png;0
posed\disgust_248.png;0
posed\disgust_19.png;0
posed\disgust_220.png;0
posed\happiness_198.png;0
posed\fear_27.png;0
posed\anger_143.png;0
posed\happiness_64.png;0
posed\surprise_17.png;0
posed\disgust_211.png;0
posed\sadness_244.png;0
posed\happiness_98.png;0
posed\anger_231.png;0
posed\disgust_238.png;0
posed\disgust_237.png;0
posed\surprise_125.png;0
posed\sadness_202.png;0
posed\disgust_139.png;0
posed\sadness_245.png;0
posed\fear_37.png;0
posed\fear_40.png;0
posed\surprise_31.png;0
posed\surprise_3.png;0
posed\happiness_2.png;0
posed\fear_35.png;0
posed\disgust_53.png;0
posed\fear_90.png;0
posed\fear_36.png;0
posed\surprise_129.png;0
posed\neutrality_42.png;0
posed\anger_8.png;0
posed\anger_133.png;0
posed\neutrality_150.png;0
posed\disgust_158.png;0
posed\sadness_239.png;0
posed\sadness_78.png;0
posed\contempt_51.png;0
posed\anger_208.png;0
posed\disgust_144.png;0
posed\fear_42.png;0
posed\happiness_73.png;0
posed\sadness_213.png;0
posed\happiness_4.png;0
posed\sadness_14.png;0
posed\fear_220.png;0
posed\neutrality_219.png;0
posed\contempt_43.png;0
posed\anger_243.png;0
posed\neutrality_179.png;0
posed\sadness_106.png;0
posed\disgust_235.png;0
posed\surprise_240.png;0
posed\happiness_237.png;0
posed\happiness_118.png;0
posed\anger_11.png;0
posed\surprise_175.png;0
posed\happiness_9.png;0
posed\fear_81.png;0
posed\fear_212.png;0
posed\happiness_96.png;0
posed\disgust_54.png;0
posed\anger_157.png;0
posed\happiness_208.png;0
posed\happiness_107.png;0
posed\anger_4.png;0
posed\sadness_29.png;0
posed\anger_68.png;0
posed\contempt_5.png;0
posed\disgust_48.png;0
posed\surprise_47.png;0
posed\surprise_228.png;0
posed\sadness_224.png;0
posed\anger_139.png;0
posed\contempt_144.png;0
posed\neutrality_197.png;0
posed\contempt_75.png;0
posed\happiness_106.png;0
posed\neutrality_186.png;0
posed\neutrality_132.png;0
posed\surprise_104.png;0
posed\neutrality_188.png;0
posed\surprise_164.png;0
posed\sadness_11.png;0
posed\surprise_23.png;0
posed\anger_178.png;0
posed\contempt_37.png;0
posed\fear_0.png;0
posed\contempt_126.png;0
posed\sadness_26.png;0
posed\disgust_236.png;0
posed\contempt_196.png;0
posed\happiness_86.png;0
posed\happiness_137.png;0
posed\neutrality_139.png;0
posed\disgust_76.png;0
posed\neutrality_2.png;0
posed\sadness_167.png;0
posed\sadness_79.png;0
posed\sadness_151.png;0
posed\happiness_28.png;0
posed\happiness_39.png;0
posed\anger_221.png;0
posed\neutrality_146.png;0
posed\anger_85.png;0
posed\surprise_218.png;0
posed\anger_214.png;0
posed\fear_119.png;0
posed\surprise_93.png;0
posed\contempt_69.png;0
posed\fear_61.png;0
posed\fear_113.png;0
posed\surprise_109.png;0
posed\neutrality_153.png;0
posed\surprise_14.png;0
posed\fear_170.png;0
posed\anger_155.png;0
posed\happiness_37.png;0
posed\sadness_55.png;0
posed\contempt_182.png;0
posed\sadness_200.png;0
posed\disgust_182.png;0
posed\surprise_102.png;0
posed\surprise_182.png;0
posed\disgust_0.png;0
posed\fear_164.png;0
posed\surprise_225.png;0
posed\sadness_131.png;0
posed\happiness_143.png;0
posed\neutrality_62.png;0
posed\surprise_22.png;0
posed\sadness_212.png;0
posed\anger_20.png;0
posed\disgust_210.png;0
posed\happiness_32.png;0
posed\sadness_93.png;0
posed\disgust_92.png;0
posed\happiness_53.png;0
posed\anger_186.png;0
posed\sadness_54.png;0
posed\sadness_52.png;0
posed\sadness_47.png;0
posed\happiness_52.png;0
posed\sadness_162.png;0
posed\neutrality_137.png;0
posed\surprise_158.png;0
posed\happiness_201.png;0
posed\sadness_169.png;0
posed\happiness_142.png;0
posed\happiness_111.png;0
posed\neutrality_31.png;0
posed\surprise_162.png;0
posed\fear_195.png;0
posed\surprise_135.png;0
posed\disgust_199.png;0
posed\contempt_61.png;0
posed\surprise_101.png;0
posed\anger_195.png;0
posed\neutrality_205.png;0
posed\fear_118.png;0
posed\happiness_138.png;0
posed\surprise_148.png;0
posed\neutrality_113.png;0
posed\fear_183.png;0
posed\neutrality_55.png;0
posed\neutrality_151.png;0
posed\fear_102.png;0
posed\disgust_138.png;0
posed\anger_129.png;0
posed\contempt_111.png;0
posed\surprise_38.png;0
posed\disgust_107.png;0
posed\surprise_90.png;0
posed\surprise_40.png;0
posed\surprise_62.png;0
posed\sadness_218.png;0
posed\fear_147.png;0
posed\disgust_67.png;0
posed\anger_31.png;0
posed\fear_137.png;0
posed\neutrality_78.png;0
posed\contempt_161.png;0
posed\surprise_66.png;0
posed\happiness_24.png;0
posed\anger_135.png;0
posed\anger_213.png;0
posed\sadness_139.png;0
posed\disgust_52.png;0
posed\disgust_213.png;0
posed\surprise_36.png;0
posed\sadness_190.png;0
posed\fear_179.png;0
posed\disgust_201.png;0
posed\anger_156.png;0
posed\neutrality_27.png;0
posed\sadness_10.png;0
posed\contempt_102.png;0
posed\contempt_123.png;0
posed\fear_239.png;0
posed\neutrality_84.png;0
posed\contempt_166.png;0
posed\happiness_108.png;0
posed\surprise_243.png;0
posed\neutrality_166.png;0
posed\happiness_197.png;0
posed\contempt_188.png;0
posed\happiness_44.png;0
posed\surprise_202.png;0
posed\neutrality_211.png;0
posed\sadness_97.png;0
posed\sadness_179.png;0
posed\fear_230.png;0
posed\happiness_161.png;0
posed\sadness_45.png;0
posed\disgust_17.png;0
posed\sadness_249.png;0
posed\fear_59.png;0
posed\fear_83.png;0
posed\fear_205.png;0
posed\neutrality_165.png;0
posed\surprise_223.png;0
posed\disgust_125.png;0
posed\contempt_77.png;0
posed\sadness_90.png;0
posed\disgust_111.png;0
posed\contempt_33.png;0
posed\fear_14.png;0
posed\happiness_212.png;0
posed\anger_52.png;0
posed\happiness_81.png;0
posed\fear_107.png;0
posed\fear_175.png;0
posed\contempt_63.png;0
posed\sadness_83.png;0
posed\anger_108.png;0
posed\disgust_247.png;0
posed\contempt_83.png;0
posed\sadness_188.png;0
posed\disgust_16.png;0
posed\fear_139.png;0
posed\fear_84.png;0
posed\fear_77.png;0
posed\disgust_124.png;0
posed\sadness_16.png;0
posed\surprise_197.png;0
posed\fear_7.png;0
posed\surprise_237.png;0
posed\neutrality_71.png;0
posed\sadness_221.png;0
posed\surprise_131.png;0
posed\contempt_149.png;0
posed\sadness_198.png;0
posed\anger_21.png;0
posed\contempt_138.png;0
posed\neutrality_167.png;0
posed\neutrality_245.png;0
posed\sadness_100.png;0
posed\neutrality_126.png;0
posed\happiness_7.png;0
posed\contempt_203.png;0
posed\sadness_110.png;0
posed\happiness_68.png;0
posed\fear_209.png;0
posed\happiness_173.png;0
posed\fear_95.png;0
posed\surprise_0.png;0
posed\anger_50.png;0
posed\sadness_211.png;0
posed\disgust_109.png;0
posed\contempt_7.png;0
posed\disgust_167.png;0
posed\neutrality_168.png;0
posed\happiness_216.png;0
posed\fear_159.png;0
posed\disgust_186.png;0
posed\disgust_216.png;0
posed\fear_162.png;0
posed\surprise_97.png;0
posed\fear_193.png;0
posed\neutrality_235.png;0
posed\fear_16.png;0
posed\sadness_124.png;0
posed\happiness_217.png;0
posed\happiness_94.png;0
posed\contempt_130.png;0
posed\happiness_23.png;0
posed\anger_246.png;0
posed\happiness_21.png;0
posed\sadness_115.png;0
posed\fear_199.png;0
posed\happiness_150.png;0
posed\sadness_206.png;0
posed\fear_225.png;0
posed\anger_168.png;0
posed\sadness_103.png;0
posed\neutrality_229.png;0
posed\sadness_105.png;0
posed\anger_191.png;0
posed\disgust_40.png;0
posed\contempt_26.png;0
posed\sadness_56.png;0
posed\fear_167.png;0
posed\fear_66.png;0
posed\disgust_3.png;0
posed\happiness_113.png;0
posed\disgust_180.png;0
posed\surprise_13.png;0
posed\fear_213.png;0
posed\happiness_169.png;0
posed\neutrality_147.png;0
posed\happiness_67.png;0
posed\fear_75.png;0
posed\contempt_110.png;0
posed\sadness_98.png;0
posed\fear_52.png;0
posed\neutrality_214.png;0
posed\fear_235.png;0
posed\sadness_44.png;0
posed\sadness_156.png;0
posed\contempt_16.png;0
posed\contempt_79.png;0
posed\anger_75.png;0
posed\happiness_232.png;0
posed\anger_44.png;0
posed\surprise_227.png;0
posed\neutrality_111.png;0
posed\anger_43.png;0
posed\sadness_66.png;0
posed\surprise_136.png;0
posed\fear_132.png;0
posed\disgust_78.png;0
posed\happiness_69.png;0
posed\sadness_99.png;0
posed\happiness_162.png;0
posed\anger_184.png;0
posed\disgust_10.png;0
posed\happiness_27.png;0
posed\disgust_137.png;0
posed\disgust_88.png;0
posed\sadness_126.png;0
posed\sadness_201.png;0
posed\neutrality_25.png;0
posed\fear_74.png;0
posed\surprise_108.png;0
posed\happiness_235.png;0
posed\happiness_121.png;0
posed\happiness_72.png;0
posed\sadness_104.png;0
posed\sadness_180.png;0
posed\happiness_204.png;0
posed\surprise_126.png;0
posed\happiness_185.png;0
posed\surprise_199.png;0
posed\anger_7.png;0
posed\anger_201.png;0
posed\happiness_241.png;0
posed\happiness_42.png;0
posed\surprise_144.png;0
posed\disgust_153.png;0
posed\surprise_25.png;0
posed\fear_245.png;0
posed\neutrality_178.png;0
posed\fear_125.png;0
posed\contempt_206.png;0
posed\neutrality_156.png;0
posed\surprise_7.png;0
posed\fear_97.png;0
posed\contempt_178.png;0
posed\fear_160.png;0
posed\anger_197.png;0
posed\fear_197.png;0
posed\disgust_86.png;0
posed\happiness_192.png;0
posed\neutrality_85.png;0
posed\disgust_46.png;0
posed\disgust_60.png;0
posed\neutrality_213.png;0
posed\surprise_188.png;0
posed\anger_198.png;0
posed\neutrality_212.png;0
posed\contempt_158.png;0
posed\contempt_87.png;0
posed\sadness_18.png;0
posed\contempt_94.png;0
posed\fear_22.png;0
posed\contempt_98.png;0
posed\disgust_91.png;0
posed\sadness_37.png;0
posed\contempt_97.png;0
posed\fear_201.png;0
posed\neutrality_20.png;0
posed\sadness_119.png;0
posed\anger_35.png;0
posed\surprise_241.png;0
posed\fear_116.png;0
posed\anger_79.png;0
posed\anger_88.png;0
posed\happiness_155.png;0
posed\disgust_127.png;0
posed\anger_199.png;0
posed\happiness_65.png;0
posed\anger_159.png;0
posed\happiness_193.png;0
posed\fear_150.png;0
posed\disgust_8.png;0
posed\surprise_80.png;0
posed\neutrality_140.png;0
posed\disgust_169.png;0
posed\fear_58.png;0
posed\disgust_6.png;0
posed\sadness_243.png;0
posed\sadness_223.png;0
posed\disgust_206.png;0
posed\anger_58.png;0
posed\disgust_141.png;0
posed\disgust_163.png;0
posed\neutrality_164.png;0
posed\contempt_146.png;0
posed\happiness_160.png;0
posed\surprise_70.png;0
posed\fear_29.png;0
posed\fear_91.png;0
posed\anger_233.png;0
posed\disgust_194.png;0
posed\sadness_166.png;0
posed\sadness_63.png;0
posed\happiness_239.png;0
posed\contempt_154.png;0
posed\contempt_170.png;0
posed\happiness_124.png;0
posed\disgust_99.png;0
posed\surprise_163.png;0
posed\fear_34.png;0
posed\anger_245.png;0
posed\anger_176.png;0
posed\anger_28.png;0
posed\neutrality_157.png;0
posed\sadness_8.png;0
posed\neutrality_3.png;0
posed\fear_124.png;0
posed\sadness_21.png;0
posed\surprise_183.png;0
posed\anger_123.png;0
posed\anger_153.png;0
